Finding ID,File,Function,Category,Severity,Description,Evidence,Recommended action,Status,Verification
INS-01,app/services/grading_service.py,grade_submission,Complexity,Critical,"Long grading function mixes validation evaluation penalty feedback audit (5 responsibilities, ~250 lines)","radon cc grade_submission CC=51 rank F; xenon block F module C","Extract SubmissionValidator evaluators ScoringPolicy PenaltyPolicy FeedbackService AuditRepository","Accepted - fixed in improved","pytest 45 passed + radon cc improved <=10"
INS-02,app/services/grading_service.py,grade_submission,Maintainability,High,"Repeated answer normalization strip().lower() in 3 branches plus float() conversions duplicated","semgrep custom 16x float-for-scores; manual review lines 60 107-119 171-175","Centralize normalize_text() and Decimal helpers; single conversion point","Accepted - fixed","semgrep custom float findings 16->0; diff review"
INS-03,app/services/grading_service.py,grade_submission,Maintainability,High,"Magic values for late penalties 24*3600 72*3600 0.10 0.25 without named constants","lines 204-209 magic numbers; no PenaltyPolicy","Introduce PenaltyPolicy with named constants ON_TIME_24H REJECT_72H RATE_10_25","Accepted - fixed","grep improved shows constants; tests PEN-01..06 green"
INS-04,app/services/grading_service.py,grade_submission,Reliability,High,"Generic except Exception obscures grading failure and breaks traceback (B904)","except Exception as e: raise Exception(f'grading failed: {e}') line 193-196; semgrep broad-except-grading; ruff B904","Use specific exceptions; raise with from err; isolate numeric parsing try","Accepted - fixed","ruff B904 gone; test GRD-08 controlled invalid"
INS-05,app/services/grading_service.py,grade_submission,Privacy/Audit,High,"Audit coupled to calculation and stores PII: student_id + full answers dict","lines 250-262 audit_record includes student_id answers; AUDIT_LOG global bypasses AuditRepository","Extract AuditRepository; store input_hash only; exclude student_id answers; inject repo","Accepted - fixed","improved audit test asserts no answers/student_id; review diff"
INS-06,app/services/grading_service.py,grade_submission,Extensibility,Medium,"New question type requires modifying central if/elif chain (open-closed violation)","if qtype==multiple_choice elif numeric elif short_answer else raise; no Strategy interface","Introduce QuestionEvaluator Strategy + registry; GradingService orchestrates only","Accepted - fixed","new evaluator addable without touching orchestrator; GRD-06 green"
INS-07,app/services/grading_service.py,grade_submission,Privacy,Medium,"Debug print leaks full student answers to stdout/logs","line 44 print(...answers=...); semgrep print-student-answer","Remove print; use structured logging with submission_id only; add no-print gate","Accepted - fixed","semgrep print finding 1->0; grep no print in app/"
INS-08,app/services/grading_service.py,grade_submission,Correctness,Medium,"Float used for money-like scores then converted back to Decimal; precision risk","penalty = Decimal(str(float(raw)*float(rate))); percentage via float; semgrep 16 findings","Use Decimal arithmetic throughout with ROUND_HALF_UP; keep quantize helper","Accepted - fixed","NUM-06 precision green; semgrep float 16->0"
INS-09,app/services/submission_validator.py+feedback_service.py,validate_submission_basic/build_feedback,Consistency/Testability,Medium,"Dead code: validator and feedback helpers exist but grading re-implements inline; coverage 88.22% <90%","coverage TOTAL 88.22% validator 0% feedback 60%; ruff SIM103 SIM108","Wire validator + feedback into GradingService; delete duplication","Accepted - fixed","coverage improved >=90%; validator 100% covered"
INS-10,app/services/grading_service.py+models/*,multiple,Style,Low,"Ruff 12 findings: unused imports F401x3 unsorted I001 line-length E501x4 complexity C901","ruff.json 12 errors; ruff-format unformatted","Run ruff format + fix imports/line length; set max-complexity 10 gate in CI","Accepted - fixed","ruff 12->0; format check passes"
